{
    "min_loc": -2.999604121495146,
    "max_loc": 2.9977937113371658,
    "min_vel": -126.08734302353936,
    "max_vel": 140.00570506414664
}